{
    "readme": "https://github.com/duckduckgo/privacy-configuration",
    "version": 1641835234145,
    "features": {
        "ampLinks": {
            "exceptions": [],
            "settings": {
                "linkFormats": [
                    "^https?:\\/\\/(?:w{3}\\.)?google\\.\\S{2,}\\/amp\\/s\\/(\\S+)$",
                    "^https?:\\/\\/\\S+ampproject\\.org\\/v\\/s\\/(\\S+)$"
                ],
                "keywords": [
                    "=amp",
                    "amp=",
                    "&amp",
                    "amp&",
                    "/amp",
                    "amp/",
                    ".amp",
                    "amp.",
                    "%amp",
                    "amp%",
                    "_amp",
                    "amp_",
                    "?amp"
                ]
            },
            "state": "disabled"
        },
        "autoconsent": {
            "exceptions": [
                {
                    "domain": "spiegel.de",
                    "reason": "Opt-out not possible"
                }
            ],
            "settings": {
                "disabledCMPs": []
            },
            "state": "disabled"
        },
        "autofill": {
            "exceptions": [
                {
                    "domain": "asana.com",
                    "reason": "site breakage"
                },
                {
                    "domain": "fastmail.com",
                    "reason": "site breakage"
                }
            ],
            "state": "enabled"
        },
        "clickToPlay": {
            "exceptions": [],
            "state": "enabled"
        },
        "contentBlocking": {
            "state": "enabled",
            "exceptions": [
                {
                    "domain": "pureflix.com",
                    "reason": "Videos not playing"
                },
                {
                    "domain": "www.omahasteaks.com",
                    "reason": "Add to cart not working"
                },
                {
                    "domain": "iltalehti.fi",
                    "reason": "Video content missing"
                },
                {
                    "domain": "agame.com",
                    "reason": "Site not loading"
                },
                {
                    "domain": "wp.pl",
                    "reason": "Adblocker wall"
                },
                {
                    "domain": "digitalocean.com",
                    "reason": "Missing site content"
                },
                {
                    "domain": "ah.nl",
                    "reason": "Missing site content"
                },
                {
                    "domain": "magicgameworld.com",
                    "reason": "Adblocker wall"
                },
                {
                    "domain": "www.cbssports.com",
                    "reason": "Video content missing"
                },
                {
                    "domain": "www.nhl.com",
                    "reason": "Video content missing"
                },
                {
                    "domain": "pnc.com",
                    "reason": "Login issues"
                },
                {
                    "domain": "ea.com",
                    "reason": "Login not displaying"
                },
                {
                    "domain": "www.corsair.com",
                    "reason": "Missing content"
                },
                {
                    "domain": "www.eurogamer.net",
                    "reason": "Hard adwall"
                },
                {
                    "domain": "53.com",
                    "reason": "Broken sign in"
                },
                {
                    "domain": "www.livenewsnow.com",
                    "reason": "Adblocker wall"
                },
                {
                    "domain": "rp5.ru",
                    "reason": "Adblocker wall"
                },
                {
                    "domain": "easyjet.com",
                    "reason": "Broken site content"
                },
                {
                    "domain": "id.me",
                    "reason": "Broken logins"
                },
                {
                    "domain": "stubhub.com",
                    "reason": "Missing site content"
                },
                {
                    "domain": "riteaid.com",
                    "reason": "Missing site content"
                },
                {
                    "domain": "virginmedia.com",
                    "reason": "Chat widget blocked"
                }
            ]
        },
        "fingerprintingAudio": {
            "state": "disabled",
            "exceptions": [
                {
                    "domain": "youtube.com",
                    "reason": "site breakage"
                },
                {
                    "domain": "meet.google.com",
                    "reason": "site breakage"
                }
            ]
        },
        "fingerprintingBattery": {
            "exceptions": [],
            "state": "enabled"
        },
        "fingerprintingCanvas": {
            "exceptions": [
                {
                    "domain": "walgreens.com",
                    "reason": "Broken login"
                },
                {
                    "domain": "krunker.io",
                    "reason": "Broken game init"
                },
                {
                    "domain": "usaa.com",
                    "reason": "Broken login"
                },
                {
                    "domain": "academy.com",
                    "reason": "Broken login"
                },
                {
                    "domain": "kroger.com",
                    "reason": "Broken login"
                }
            ],
            "state": "enabled"
        },
        "fingerprintingHardware": {
            "exceptions": [
                {
                    "domain": "play.geforcenow.com",
                    "reason": "site breakage"
                },
                {
                    "domain": "stadia.google.com",
                    "reason": "site breakage"
                }
            ],
            "state": "enabled"
        },
        "fingerprintingScreenSize": {
            "exceptions": [],
            "state": "enabled"
        },
        "fingerprintingTemporaryStorage": {
            "exceptions": [],
            "state": "enabled"
        },
        "floc": {
            "exceptions": [],
            "state": "enabled"
        },
        "gpc": {
            "state": "enabled",
            "exceptions": [
                {
                    "domain": "newyorker.com",
                    "reason": "Cookie consent box hiding audio"
                }
            ],
            "settings": {
                "gpcHeaderEnabledSites": [
                    "global-privacy-control.glitch.me",
                    "globalprivacycontrol.org",
                    "washingtonpost.com",
                    "nytimes.com",
                    "privacy-test-pages.glitch.me"
                ]
            }
        },
        "https": {
            "state": "enabled",
            "exceptions": []
        },
        "navigatorCredentials": {
            "exceptions": [],
            "state": "disabled"
        },
        "navigatorInterface": {
            "exceptions": [],
            "state": "enabled"
        },
        "referrer": {
            "exceptions": [],
            "state": "enabled"
        },
        "trackerAllowlist": {
            "state": "enabled",
            "settings": {
                "allowlistedTrackers": {
                    "doubleclick.net": {
                        "rules": [
                            {
                                "rule": "securepubads.g.doubleclick.net/tag/js/gpt.js",
                                "domains": [
                                    "wunderground.com"
                                ],
                                "reason": "videos not loading"
                            },
                            {
                                "rule": "securepubads.g.doubleclick.net/gpt/pubads_impl_",
                                "domains": [
                                    "wunderground.com"
                                ],
                                "reason": "videos not loading"
                            }
                        ]
                    },
                    "dynamicyield.com": {
                        "rules": [
                            {
                                "rule": "cdn-eu.dynamicyield.com/9878090/api_static.js",
                                "domains": [
                                    "decathlon.co.uk"
                                ],
                                "reason": "checkout broken"
                            }
                        ]
                    },
                    "twitter.com": {
                        "rules": [
                            {
                                "rule": "platform.twitter.com/embed/embed.modules",
                                "domains": [
                                    "notthebee.com",
                                    "upworthy.com"
                                ],
                                "reason": "content not rendering"
                            }
                        ]
                    }
                }
            },
            "exceptions": []
        },
        "trackingCookies1p": {
            "settings": {
                "firstPartyTrackerCookiePolicy": {
                    "threshold": 86400,
                    "maxAge": 86400
                }
            },
            "exceptions": [],
            "state": "enabled"
        },
        "trackingCookies3p": {
            "settings": {
                "excludedCookieDomains": [
                    {
                        "domain": "hangouts.google.com",
                        "reason": "Site breakage"
                    },
                    {
                        "domain": "docs.google.com",
                        "reason": "Site breakage"
                    },
                    {
                        "domain": "accounts.google.com",
                        "reason": "SSO which needs cookies for auth"
                    },
                    {
                        "domain": "googleapis.com",
                        "reason": "Site breakage"
                    },
                    {
                        "domain": "login.live.com",
                        "reason": "SSO which needs cookies for auth"
                    },
                    {
                        "domain": "apis.google.com",
                        "reason": "Site breakage"
                    },
                    {
                        "domain": "pay.google.com",
                        "reason": "Site breakage"
                    },
                    {
                        "domain": "payments.amazon.com",
                        "reason": "Site breakage"
                    },
                    {
                        "domain": "payments.amazon.de",
                        "reason": "Site breakage"
                    },
                    {
                        "domain": "microsoft.com",
                        "reason": "Site breakage"
                    },
                    {
                        "domain": "atlassian.net",
                        "reason": "Site breakage"
                    },
                    {
                        "domain": "atlassian.com",
                        "reason": "Site breakage"
                    },
                    {
                        "domain": "paypal.com",
                        "reason": "Site breakage"
                    },
                    {
                        "domain": "paypal.com",
                        "reason": "site breakage"
                    },
                    {
                        "domain": "bat.bing.com",
                        "reason": "Site breakage"
                    },
                    {
                        "domain": "bingapis.com",
                        "reason": "Site breakage"
                    },
                    {
                        "domain": "c.bing.com",
                        "reason": "Site breakage"
                    },
                    {
                        "domain": "bing.com",
                        "reason": "Site breakage"
                    },
                    {
                        "domain": "salesforce.com",
                        "reason": "Site breakage"
                    },
                    {
                        "domain": "salesforceliveagent.com",
                        "reason": "Site breakage"
                    },
                    {
                        "domain": "force.com",
                        "reason": "Site breakage"
                    },
                    {
                        "domain": "disqus.com",
                        "reason": "Site breakage"
                    },
                    {
                        "domain": "spotify.com",
                        "reason": "Site breakage"
                    },
                    {
                        "domain": "hangouts.google.com",
                        "reason": "site breakage"
                    },
                    {
                        "domain": "docs.google.com",
                        "reason": "site breakage"
                    },
                    {
                        "domain": "btsport-utils-prod.akamaized.net",
                        "reason": "broken videos"
                    }
                ]
            },
            "exceptions": [],
            "state": "enabled"
        },
        "trackingParameters": {
            "exceptions": [],
            "settings": {
                "parameters": [
                    "utm_[a-zA-Z]*",
                    "gclid",
                    "fbclid",
                    "fb_action_ids",
                    "fb_action_types",
                    "fb_source",
                    "fb_ref",
                    "ga_source",
                    "ga_medium",
                    "ga_term",
                    "ga_content",
                    "ga_campaign",
                    "ga_place",
                    "action_object_map",
                    "action_type_map",
                    "action_ref_map",
                    "gs_l",
                    "mkt_tok",
                    "hmb_campaign",
                    "hmb_source",
                    "hmb_medium"
                ]
            },
            "state": "disabled"
        },
        "userAgentRotation": {
            "settings": {
                "agentExcludePatterns": [
                    {
                        "agent": "Brave Chrome",
                        "reason": "Uncommon UA"
                    }
                ]
            },
            "exceptions": [
                {
                    "domain": "duosecurity.com",
                    "reason": "Two factor auth that verifies device pathes using user agent"
                },
                {
                    "domain": "okta.com",
                    "reason": "Two factor auth that verifies device pathes using user agent"
                },
                {
                    "domain": "pingidentity.com",
                    "reason": "Two factor auth that verifies device pathes using user agent"
                },
                {
                    "domain": "googleapis.com",
                    "reason": "Causes site breakage"
                },
                {
                    "domain": "recaptcha.net",
                    "reason": "Causes login breakage on some sites"
                },
                {
                    "domain": "google.com",
                    "reason": "If recaptcha is loaded from google, spoofed UA breaks recaptcha"
                },
                {
                    "domain": "gstatic.com",
                    "reason": "Sometimes hosts recaptcha"
                },
                {
                    "domain": "weather.com",
                    "reason": "Can break weather sites that depend on weather.com api's"
                },
                {
                    "domain": "dzcdn.net",
                    "reason": "Breaks images on deezer"
                }
            ],
            "state": "disabled"
        }
    },
    "unprotectedTemporary": [
        {
            "domain": "usbank.com",
            "reason": "site breakage"
        },
        {
            "domain": "www.x-kom.pl",
            "reason": "site breakage"
        },
        {
            "domain": "www.merriam-webster.com",
            "reason": "site breakage"
        },
        {
            "domain": "tiaa.org",
            "reason": "site breakage"
        },
        {
            "domain": "fidelity.com",
            "reason": "site breakage"
        }
    ]
}