{"Google":83.513,"Taboola":3.027,"Facebook":16.092,"Twitter":6.715,"AddThis":3.77,"whos.amung.us":0.651,"Amazon.com":12.609,"Criteo":7.373,"nugg.ad":1.092,"AT Internet":0.855,"Médiamétrie-eStat":0.244,"PageFair":0.653,"Moat":0.569,"Horyzon Media":1.285,"AdSafe Media":0.529,"AppNexus":11.908,"Fox One Stop Media":4.833,"TripleLift":0.615,"Yandex":2.966,"PopAds":0.536,"Webtrends":0.363,"LiveInternet":2.273,"New Relic":8.7,"eXTReMe digital":0.174,"ADITION":0.628,"INFOnline":1.584,"WPP":1.029,"adscale":0.584,"ADTECH":1.372,"Casale Media":4.001,"OpenX":4.739,"Oath":6.054,"Adobe":9.557,"ValueClick":1.334,"Rhythm":1.311,"Federated Media":3.073,"CONTEXTWEB":2.829,"SiteScout":2.046,"EQ Ads":0.931,"ShareThis":0.676,"Rambler":0.386,"comScore":10.54,"Skimlinks":1.069,"Cross Pixel":0.191,"AK":1.391,"BlueKai":2.663,"MediaMath":4.619,"The Trade Desk":5.682,"Rocket Fuel":1.374,"Quantcast":6.814,"TNS":0.317,"AdFox":0.206,"Go Daddy":0.149,"unknown":4.092,"DoubleVerify":0.076,"SpotXchange":0.76,"DataXu":1.391,"Improve Digital":0.29,"Tapad":1.401,"Drawbridge":0.781,"Krux":2.945,"Rapleaf":1.796,"PubMatic":3.023,"StatCounter":1.363,"bigmir)net":0.059,"OptinMonster":0.386,"KISSmetrics":0.151,"Crazy Egg":1.796,"VigLink":0.916,"Weborama":0.378,"Chartbeat":3.176,"Wishabi":0.376,"Outbrain":1.344,"Lotame":3.413,"LinkedIn":0.823,"Histats":1.199,"Roxr":0.622,"Mixpanel":1.033,"Commission Junction":0.092,"Adverline":0.053,"m6d":1.559,"Meetrics":0.193,"Yieldlab":0.452,"xplosion interactive":0.498,"Gemius":0.878,"Demandbase":0.38,"ClickTale":0.349,"HP":0.034,"Ensighten":0.91,"Hotjar":2.867,"VKontakte":0.384,"reddit":0.193,"TubeMogul":0.523,"AdXpansion":0.05,"Adality":0.05,"Yieldmo":0.26,"media.net":0.83,"BuySellAds":0.334,"Simpli.fi":0.83,"GoStats":0.011,"Adform":1.433,"ExoClick":1.888,"Attracta":0.002,"EroAdvertising":0.376,"Soasta":0.781,"Exponential Interactive":0.466,"BloomReach":0.168,"eXelate":1.029,"Teads.tv":0.452,"LinkShare":0.229,"DC Storm":0.17,"cXense":0.519,"OwnerIQ":0.693,"Nativo":1.092,"Monetate":0.51,"Listrak":0.334,"Project Wonderful":0.032,"Gruner + Jahr":0.279,"Vibrant Media":0.258,"MarketGid":0.176,"Mouseflow":0.311,"Intercom":0.265,"sociomantic labs":0.099,"Specific Media":0.04,"ActiveConversion":0.002,"Nielsen":1.739,"Belstat":0.006,"Lockerz":0.336,"FriendFinder Networks":0.067,"Adverticum":0.057,"Flashtalking":0.204,"LiveIntent":0.271,"AdOcean":0.141,"Zemanta":0.355,"RadiumOne":0.235,"Netmining":0.281,"Microsoft":0.536,"AdRoll":1.021,"AWeber":0.256,"AdRiver":0.313,"RevContent":0.284,"AvantLink":0.08,"CPMStar":0.08,"JuicyAds":0.603,"BrightTag":0.536,"Datalogix":0.935,"Pictela":0.214,"Swoop":0.258,"Segment.io":0.626,"Inspectlet":0.284,"Bizo":0.206,"Oracle":0.624,"Certona":0.218,"Magnetic":0.403,"InvestingChannel":0.027,"Wysistat":0.021,"Amobee":0.042,"AdKernel":0.3,"AdGlare":0.023,"SessionCam":0.143,"SteelHouse":0.168,"Veeseo":0.013,"4shared.com":0.002,"OPT":0.021,"GetSiteControl":0.183,"HubSpot":0.559,"QuinStreet":0.055,"Adzerk":0.103,"FullStory":0.158,"Deep Intent":0.027,"FreeWheel":0.021,"Adotmob":0.143,"Admeta":0.076,"BLOOM Digital Platforms":0.166,"ZEDO":0.097,"plista":0.204,"Acxiom":0.034,"Technorati":0.027,"Evidon":0.481,"Think Realtime":0.008,"Undertone":0.053,"The Heron Partnership":0.323,"Intent Media":0.13,"Hurra.com":0.021,"IBM":0.3,"Adara Media":0.185,"DG":0.538,"etracker":0.246,"BrightEdge":0.032,"iPerceptions":0.21,"Tradedoubler":0.061,"adBrite":0.006,"Po.st":0.231,"Lakana":0.086,"Intergi":0.078,"Shareaholic":0.128,"AdTiger":0.011,"AdMedia":0.011,"eBay":0.187,"Marktest":0.029,"AT&T":0.027,"Marketo":0.611,"Polymorph":0.191,"FreakOut":0.078,"ClustrMaps":0.027,"Tinder":0.101,"Veoxa":0.008,"ReTargeter":0.019,"The Rimm-Kaufman Group":0.338,"Tremor Video":0.239,"iovation":0.002,"Intermarkets":0.019,"Qualaroo":0.704,"GSI Commerce":0.006,"ChannelAdvisor":0.143,"CNZZ":0.101,"SearchForce":0.006,"Cox Digital Solutions":0.263,"MailChimp":0.59,"Pardot":0.288,"Kantar Millward Brown":0.069,"NextPerformance":0.067,"orange.fr":0.019,"Webtrekk":0.162,"GumGum":0.92,"Renegade Internet":0.124,"Opera":0.011,"Spongecell":0.04,"Polar Mobile":0.265,"Silverpop":0.059,"Datonics":0.105,"Jumptap":0.017,"Acuity":0.16,"Mail.Ru":0.288,"Telstra":0.021,"AdServerPub":0.004,"Fairfax Media":0.013,"Evolve":0.046,"MaxPoint":0.059,"SupersonicAds":0.002,"agar.io":0.002,"zanox":0.092,"Neustar":0.111,"ad6media":0.046,"Selectable Media":0.048,"MerchantAdvantage":0.002,"BidVertiser":0.006,"Digital Target":0.168,"GetIntent":0.263,"Targetix":0.038,"LinkConnector":0.023,"AdReactor":0.061,"MetrixLab":0.021,"RichRelevance":0.208,"Monitus":0.017,"Internet Brands":0.12,"33Across":0.162,"Unruly":0.16,"NetSeer":0.137,"LifeStreet":0.086,"Adsty":0.13,"Effective Measure":0.103,"Switch":0.109,"AudienceScience":0.055,"SAS":0.061,"meinestadt.de":0.017,"I-Behavior":0.032,"ClickDistrict":0.155,"alibaba.com":0.004,"Underdog Media":0.05,"Automattic":0.155,"Chango":0.048,"Visible Measures":0.042,"CoinHive":0.101,"AdSpeed":0.04,"Kenshoo":0.086,"InfoStars":0.029,"Openstat":0.008,"RuTarget":0.078,"BlueCava":0.05,"eyeReturn Marketing":0.088,"engage:BDR":0.076,"Complex Media":0.069,"Infolinks":0.082,"Nexage":0.017,"BlogHer":0.078,"Jivox":0.036,"amarujala.com":0.002,"Navegg":0.092,"Caraytech":0.046,"Admotion":0.021,"Pressflex":0.008,"dianomi":0.053,"TruEffect":0.011,"ConversionRuler":0.002,"DynamicYield":0.153,"Adsupply":0.122,"ClickDimensions":0.034,"MicroAd":0.055,"anandabazar.com":0.002,"Emego":0.008,"Awio":0.008,"Forbes":0.004,"Instinctive":0.027,"ShinyStat":0.074,"GroovinAds":0.019,"Innity":0.032,"animenewsnetwork.com":0.002,"DirectAdvert":0.023,"Adiant":0.076,"AdSpirit":0.029,"Samurai Factory":0.013,"Salesforce.com":0.021,"GoDataFeed":0.013,"Fluct":0.034,"Glam Media":0.011,"Smowtion":0.002,"ara.cat":0.002,"StumbleUpon":0.05,"archiproducts.com":0.002,"argep.hu":0.002,"YuMe":0.034,"Research Now":0.071,"Adswizz":0.071,"nurago":0.011,"Woopra":0.044,"Developer Media":0.044,"Adventori":0.038,"ÖWA":0.155,"Adversal.com":0.008,"USI Technologies":0.053,"TouchCommerce":0.09,"Dataium":0.002,"Adnetik":0.015,"sophus3":0.053,"audi.co.uk":0.002,"Connexity":0.021,"Web.com":0.008,"Wirtualna Polska":0.053,"AdsTours":0.008,"Twyn Group":0.034,"avforums.com":0.002,"VisiStat":0.015,"Gannett":0.021,"ToneMedia":0.036,"Net-Results":0.008,"SocialTwist":0.004,"Mercent":0.038,"SAY":0.046,"TrafficHaus":0.084,"Rekko":0.004,"barclays.co.uk":0.002,"SmartLook":0.038,"Nanigans":0.057,"barstoolsports.com":0.002,"AdF.ly":0.015,"ADTELLIGENCE":0.013,"MarkMonitor":0.027,"VisualDNA":0.101,"User Local":0.032,"ShareASale":0.027,"Grapeshot":0.053,"C3 Metrics":0.032,"Performancing":0.011,"Net Applications":0.002,"mediaFORGE":0.044,"Dedicated Media":0.006,"Admicro":0.023,"Mirando":0.011,"Barilliance":0.008,"Fiksu":0.008,"nih.gov":0.006,"blizzardwatch.com":0.002,"Pinterest":0.029,"Delta Projects":0.011,"Shortest":0.013,"iPROM":0.011,"Ambient Digital":0.013,"FinancialContent":0.006,"Eulerian Technologies":0.008,"AdBrain":0.021,"Levexis":0.008,"britishairways.com":0.002,"brooksbrothers.com":0.002,"GitHub":0.044,"Opentracker":0.013,"adnologies":0.004,"ConvergeDirect":0.008,"AppsFlyer":0.025,"TradeTracker":0.008,"Streamray":0.008,"Public-Idées":0.006,"GoSquared":0.08,"Hearst":0.004,"Act-On":0.002,"nicovideo.jp":0.006,"sankakucomplex.com":0.004,"AdFrontiers":0.006,"chaturbate.com":0.004,"chatzy.com":0.002,"Amazing Counters":0.004,"uCoz":0.04,"cio.com":0.002,"Peer39":0.008,"clamav.net":0.002,"Collective":0.019,"Proclivity":0.032,"clubedohardware.com.br":0.002,"cnbc.com":0.002,"OneStat":0.021,"CPX Interactive":0.002,"wikimedia.org":0.008,"sosh.fr":0.002,"Optimizely":0.017,"LeadFormix":0.002,"computerworld.com":0.002,"Answers.com":0.002,"Chitika":0.015,"Httpool":0.013,"Spectate":0.008,"cqcounter.com":0.002,"Piximedia":0.017,"kohls.com":0.004,"adMarketplace":0.002,"Crowd Science":0.002,"dailycaller.com":0.002,"dailymail.co.uk":0.002,"AdvertiseSpace":0.002,"Match.com":0.008,"pornhub.com":0.021,"DoublePimp":0.029,"HealthPricer":0.006,"Kontera":0.019,"Feedjit":0.015,"HitsLink":0.015,"Unanimis":0.002,"NetShelter":0.008,"Digg":0.004,"Vizury":0.015,"Akamai":0.002,"LeadLander":0.011,"Digital River":0.013,"Begun":0.019,"MaxBounty":0.002,"Flite":0.008,"eProof.com":0.004,"Vdopia":0.013,"Monster":0.034,"xAd":0.013,"Augur":0.011,"eldiario.es":0.004,"Snoobi":0.008,"Kokteyl":0.004,"eurogamer.net":0.002,"eventhubs.com":0.002,"eventim.de":0.002,"Everyday Health":0.008,"Experian":0.004,"explosm.net":0.002,"fandango.com":0.004,"Affinity":0.004,"filmon.com":0.002,"Etarget":0.008,"financialexpress.com":0.002,"expedia.com":0.002,"flvto.biz":0.004,"Adworx":0.021,"I.UA":0.015,"HOTWords":0.002,"Ad Decisive":0.008,"bodybuilding.com":0.002,"AddFreeStats":0.013,"canoe.ca":0.002,"Ad4Game":0.011,"freewka.com":0.002,"Tisoomi":0.013,"gamecopyworld.com":0.002,"washingtonpost.com":0.006,"gamesgames.com":0.002,"Infectious Media":0.004,"AdReady":0.013,"RMBN":0.027,"Betgenius":0.004,"Accelia":0.004,"NetElixir":0.004,"walmart.com":0.006,"Adometry":0.006,"Meebo":0.002,"spiegel.de":0.006,"hd-porn.me":0.002,"ClearSaleing":0.004,"Addvantage Media":0.002,"hentai-foundry.com":0.002,"Syncapse":0.004,"ADP Dealer Services":0.008,"usps.com":0.004,"ibis.com":0.002,"craveonline.com":0.002,"Hi-media":0.002,"Adlucent":0.002,"Meteor":0.002,"infoworld.com":0.002,"Marchex":0.004,"ip-address.org":0.002,"itv.com":0.002,"Nokta":0.004,"AndBeyond":0.002,"jagranjosh.com":0.002,"Sparklit":0.002,"AdLantis":0.002,"The Numa Group":0.011,"Acquisio":0.006,"RadarURL":0.002,"kentucky.com":0.002,"ndtv.com":0.006,"Wingify":0.002,"365Media":0.013,"myThings":0.004,"Applovin":0.002,"AdPerfect":0.004,"lipsum.com":0.002,"mercadolivre.com.br":0.002,"apache.org":0.002,"Keyade":0.008,"BackBeat Media":0.004,"IgnitionOne":0.002,"KeyMetric":0.008,"4INFO":0.006,"rp-online.de":0.004,"seekingalpha.com":0.004,"StrikeAd":0.002,"Earnify":0.002,"BlogCatalog":0.002,"manga-news.com":0.002,"Wahoha":0.002,"medicare.gov":0.002,"mid-day.com":0.002,"milb.com":0.002,"perezhilton.com":0.004,"Mongoose Metrics":0.006,"Layer-Ad.org":0.002,"nationalcar.com":0.002,"affilinet":0.008,"necn.com":0.002,"networkworld.com":0.002,"next-episode.net":0.002,"Nextag":0.002,"TrackingSoft":0.002,"jimmyjohns.com":0.002,"Web Traxs":0.004,"overclock3d.net":0.002,"Brand.net":0.002,"pbskids.org":0.002,"Publishers Clearing House":0.002,"pep.ph":0.002,"Buysight":0.004,"VerticalResponse":0.002,"politiken.dk":0.002,"pornfun.com":0.002,"Web Stats":0.004,"AdEngage":0.002,"pornxs.com":0.002,"ti.com":0.002,"Web Tracking Services":0.006,"rakuten.co.jp":0.004,"ratemyprofessors.com":0.002,"Sapient":0.004,"redtube.com":0.002,"rockpapershotgun.com":0.002,"Triggit":0.002,"safeway.com":0.002,"sahibinden.com":0.002,"searchengineland.com":0.002,"CheckM8":0.004,"snapchat.com":0.002,"sonypictures.com":0.002,"southwest.com":0.002,"sparkylinux.org":0.002,"Communicator Corp":0.002,"dlink.com":0.002,"Terra":0.002,"texasroadhouse.com":0.002,"tf1.fr":0.002,"Clickdensity":0.002,"Ninua":0.004,"LiveRail":0.002,"thenextweb.com":0.002,"thesimsresource.com":0.002,"thetvdb.com":0.002,"Xrost DS":0.002,"Umbel":0.004,"tv5monde.com":0.002,"TellApart":0.004,"unrealengine.com":0.002,"vg247.com":0.002,"foxnews.com":0.002,"nationalgeographic.com":0.002,"vistek.ca":0.002,"vodafone.com.au":0.002,"walmartmoneycard.com":0.002,"Radiate Media":0.002,"dhlglobalmail.com":0.002,"NextSTAT":0.002,"Adforge":0.002,"Burst Media":0.002,"WordStream":0.002,"writing.com":0.002,"ynet.co.il":0.002,"zerozero.pt":0.002,"zorinos.com":0.002}